scenario,rep,phase,consensus,batch,tps,round_label,name,succ,fail,send_rate_tps,max_latency_s,min_latency_s,avg_latency_s,throughput_tps,SourceFile,SourceFolder,avg_latency_ms
Raft_b10_tps50,1,SUBMIT,Raft,10,50,submitEvidence,submitEvidence,3005,0,50.1,2.22,0.12,0.2,48.3,Raft_b10_tps50_summary_metrics.csv,Raft_b10_tps50,200.0
Raft_b10_tps50,2,SUBMIT,Raft,10,50,submitEvidence,submitEvidence,3005,0,50.1,2.23,0.12,0.2,48.3,Raft_b10_tps50_summary_metrics.csv,Raft_b10_tps50,200.0
Raft_b10_tps50,3,SUBMIT,Raft,10,50,submitEvidence,submitEvidence,3005,0,50.1,2.33,0.12,0.26,48.2,Raft_b10_tps50_summary_metrics.csv,Raft_b10_tps50,260.0
Raft_b10_tps50,4,SUBMIT,Raft,10,50,submitEvidence,submitEvidence,3005,0,50.1,2.27,0.14,0.3,48.3,Raft_b10_tps50_summary_metrics.csv,Raft_b10_tps50,300.0
Raft_b10_tps50,5,SUBMIT,Raft,10,50,submitEvidence,submitEvidence,3005,0,50.1,2.15,0.14,0.27,48.4,Raft_b10_tps50_summary_metrics.csv,Raft_b10_tps50,270.0
Raft_b10_tps50,1,RETRIEVE,Raft,10,50,retrieveEvidenceAndLog,retrieveEvidenceAndLog,3005,0,50.1,2.14,0.1,0.2,48.4,Raft_b10_tps50_summary_metrics.csv,Raft_b10_tps50,200.0
Raft_b10_tps50,2,RETRIEVE,Raft,10,50,retrieveEvidenceAndLog,retrieveEvidenceAndLog,3005,0,50.1,2.16,0.11,0.2,48.3,Raft_b10_tps50_summary_metrics.csv,Raft_b10_tps50,200.0
Raft_b10_tps50,3,RETRIEVE,Raft,10,50,retrieveEvidenceAndLog,retrieveEvidenceAndLog,3005,0,50.1,2.26,0.12,0.24,48.3,Raft_b10_tps50_summary_metrics.csv,Raft_b10_tps50,240.0
Raft_b10_tps50,4,RETRIEVE,Raft,10,50,retrieveEvidenceAndLog,retrieveEvidenceAndLog,3005,0,50.1,2.23,0.12,0.23,48.3,Raft_b10_tps50_summary_metrics.csv,Raft_b10_tps50,230.0
Raft_b10_tps50,5,RETRIEVE,Raft,10,50,retrieveEvidenceAndLog,retrieveEvidenceAndLog,3005,0,50.1,2.28,0.12,0.25,48.3,Raft_b10_tps50_summary_metrics.csv,Raft_b10_tps50,250.0
Raft_b10_tps100,1,SUBMIT,Raft,10,100,submitEvidence,submitEvidence,6006,0,100.0,8.84,0.14,4.58,87.9,Raft_b10_tps100_summary_metrics.csv,Raft_b10_tps100,4580.0
Raft_b10_tps100,2,SUBMIT,Raft,10,100,submitEvidence,submitEvidence,6005,0,100.1,7.88,0.13,3.76,89.5,Raft_b10_tps100_summary_metrics.csv,Raft_b10_tps100,3760.0
Raft_b10_tps100,3,SUBMIT,Raft,10,100,submitEvidence,submitEvidence,6005,0,100.0,26.77,0.22,18.69,69.4,Raft_b10_tps100_summary_metrics.csv,Raft_b10_tps100,18690.0
Raft_b10_tps100,4,SUBMIT,Raft,10,100,submitEvidence,submitEvidence,6006,0,100.0,19.63,0.17,11.53,75.5,Raft_b10_tps100_summary_metrics.csv,Raft_b10_tps100,11530.0
Raft_b10_tps100,5,SUBMIT,Raft,10,100,submitEvidence,submitEvidence,6005,0,100.1,8.55,0.14,4.21,88.4,Raft_b10_tps100_summary_metrics.csv,Raft_b10_tps100,4210.0
Raft_b10_tps100,1,RETRIEVE,Raft,10,100,retrieveEvidenceAndLog,retrieveEvidenceAndLog,6005,0,100.1,5.91,0.15,2.45,91.8,Raft_b10_tps100_summary_metrics.csv,Raft_b10_tps100,2450.0
Raft_b10_tps100,2,RETRIEVE,Raft,10,100,retrieveEvidenceAndLog,retrieveEvidenceAndLog,6005,0,100.1,16.91,0.17,9.55,78.3,Raft_b10_tps100_summary_metrics.csv,Raft_b10_tps100,9550.0
Raft_b10_tps100,3,RETRIEVE,Raft,10,100,retrieveEvidenceAndLog,retrieveEvidenceAndLog,6005,0,100.1,20.13,0.18,12.01,75.1,Raft_b10_tps100_summary_metrics.csv,Raft_b10_tps100,12010.0
Raft_b10_tps100,4,RETRIEVE,Raft,10,100,retrieveEvidenceAndLog,retrieveEvidenceAndLog,6005,0,100.1,18.12,0.15,10.78,77.1,Raft_b10_tps100_summary_metrics.csv,Raft_b10_tps100,10780.0
Raft_b10_tps100,5,RETRIEVE,Raft,10,100,retrieveEvidenceAndLog,retrieveEvidenceAndLog,6005,0,100.1,14.53,0.18,7.1,80.6,Raft_b10_tps100_summary_metrics.csv,Raft_b10_tps100,7100.0
Raft_b10_tps150,1,SUBMIT,Raft,10,150,submitEvidence,submitEvidence,9005,0,150.1,47.2,0.14,30.42,84.1,Raft_b10_tps150_summary_metrics.csv,Raft_b10_tps150,30420.0
Raft_b10_tps150,2,SUBMIT,Raft,10,150,submitEvidence,submitEvidence,6620,2385,150.1,60.19,0.18,36.69,74.9,Raft_b10_tps150_summary_metrics.csv,Raft_b10_tps150,36690.0
Raft_b10_tps150,3,SUBMIT,Raft,10,150,submitEvidence,submitEvidence,6930,2075,150.1,60.28,0.26,38.04,74.9,Raft_b10_tps150_summary_metrics.csv,Raft_b10_tps150,38040.0
Raft_b10_tps150,4,SUBMIT,Raft,10,150,submitEvidence,submitEvidence,7157,1850,150.0,60.44,0.2,38.12,74.9,Raft_b10_tps150_summary_metrics.csv,Raft_b10_tps150,38120.0
Raft_b10_tps150,5,SUBMIT,Raft,10,150,submitEvidence,submitEvidence,7191,1814,150.0,60.35,0.18,36.86,74.9,Raft_b10_tps150_summary_metrics.csv,Raft_b10_tps150,36860.0
Raft_b10_tps150,1,RETRIEVE,Raft,10,150,retrieveEvidenceAndLog,retrieveEvidenceAndLog,9005,0,150.0,45.0,0.13,29.95,85.9,Raft_b10_tps150_summary_metrics.csv,Raft_b10_tps150,29950.0
Raft_b10_tps150,2,RETRIEVE,Raft,10,150,retrieveEvidenceAndLog,retrieveEvidenceAndLog,7241,1764,150.1,60.24,0.26,39.08,75.0,Raft_b10_tps150_summary_metrics.csv,Raft_b10_tps150,39080.0
Raft_b10_tps150,3,RETRIEVE,Raft,10,150,retrieveEvidenceAndLog,retrieveEvidenceAndLog,7159,1846,150.1,60.26,0.23,37.97,75.0,Raft_b10_tps150_summary_metrics.csv,Raft_b10_tps150,37970.0
Raft_b10_tps150,4,RETRIEVE,Raft,10,150,retrieveEvidenceAndLog,retrieveEvidenceAndLog,7420,1585,150.1,60.33,0.19,38.57,74.9,Raft_b10_tps150_summary_metrics.csv,Raft_b10_tps150,38570.0
Raft_b10_tps150,5,RETRIEVE,Raft,10,150,retrieveEvidenceAndLog,retrieveEvidenceAndLog,7121,1880,150.0,60.37,0.21,38.29,74.9,Raft_b10_tps150_summary_metrics.csv,Raft_b10_tps150,38290.0
Raft_b10_tps200,1,SUBMIT,Raft,10,200,submitEvidence,submitEvidence,5790,6211,199.9,60.25,0.17,38.73,99.8,Raft_b10_tps200_summary_metrics.csv,Raft_b10_tps200,38730.0
Raft_b10_tps200,2,SUBMIT,Raft,10,200,submitEvidence,submitEvidence,3563,8431,199.8,60.39,0.21,37.84,99.7,Raft_b10_tps200_summary_metrics.csv,Raft_b10_tps200,37840.0
Raft_b10_tps200,3,SUBMIT,Raft,10,200,submitEvidence,submitEvidence,3480,8525,200.1,60.29,0.19,37.45,99.8,Raft_b10_tps200_summary_metrics.csv,Raft_b10_tps200,37450.0
Raft_b10_tps200,4,SUBMIT,Raft,10,200,submitEvidence,submitEvidence,3350,8655,200.0,60.46,0.25,38.94,99.8,Raft_b10_tps200_summary_metrics.csv,Raft_b10_tps200,38940.0
Raft_b10_tps200,5,SUBMIT,Raft,10,200,submitEvidence,submitEvidence,3560,8439,199.9,60.3,0.21,37.17,99.8,Raft_b10_tps200_summary_metrics.csv,Raft_b10_tps200,37170.0
Raft_b10_tps200,1,RETRIEVE,Raft,10,200,retrieveEvidenceAndLog,retrieveEvidenceAndLog,5695,6310,200.1,60.67,0.13,39.96,99.8,Raft_b10_tps200_summary_metrics.csv,Raft_b10_tps200,39960.0
Raft_b10_tps200,2,RETRIEVE,Raft,10,200,retrieveEvidenceAndLog,retrieveEvidenceAndLog,3293,8708,199.7,61.34,0.21,38.94,99.7,Raft_b10_tps200_summary_metrics.csv,Raft_b10_tps200,38940.0
Raft_b10_tps200,3,RETRIEVE,Raft,10,200,retrieveEvidenceAndLog,retrieveEvidenceAndLog,3190,8815,200.1,61.27,0.28,40.2,99.8,Raft_b10_tps200_summary_metrics.csv,Raft_b10_tps200,40200.0
Raft_b10_tps200,4,RETRIEVE,Raft,10,200,retrieveEvidenceAndLog,retrieveEvidenceAndLog,3390,8607,199.9,61.48,0.24,40.53,99.8,Raft_b10_tps200_summary_metrics.csv,Raft_b10_tps200,40530.0
Raft_b10_tps200,5,RETRIEVE,Raft,10,200,retrieveEvidenceAndLog,retrieveEvidenceAndLog,3430,8575,200.1,60.44,0.25,39.92,99.8,Raft_b10_tps200_summary_metrics.csv,Raft_b10_tps200,39920.0
Raft_b100_tps50,1,SUBMIT,Raft,100,50,submitEvidence,submitEvidence,3007,0,50.0,2.55,0.46,1.47,48.3,Raft_b100_tps50_summary_metrics.csv,Raft_b100_tps50,1470.0
Raft_b100_tps50,2,SUBMIT,Raft,100,50,submitEvidence,submitEvidence,3005,0,50.1,2.26,0.27,1.27,48.3,Raft_b100_tps50_summary_metrics.csv,Raft_b100_tps50,1270.0
Raft_b100_tps50,3,SUBMIT,Raft,100,50,submitEvidence,submitEvidence,3005,0,50.1,2.26,0.26,1.26,48.4,Raft_b100_tps50_summary_metrics.csv,Raft_b100_tps50,1260.0
Raft_b100_tps50,4,SUBMIT,Raft,100,50,submitEvidence,submitEvidence,3005,0,50.1,2.35,0.34,1.34,48.3,Raft_b100_tps50_summary_metrics.csv,Raft_b100_tps50,1340.0
Raft_b100_tps50,5,SUBMIT,Raft,100,50,submitEvidence,submitEvidence,3006,0,50.0,2.48,0.35,1.41,48.3,Raft_b100_tps50_summary_metrics.csv,Raft_b100_tps50,1410.0
Raft_b100_tps50,1,RETRIEVE,Raft,100,50,retrieveEvidenceAndLog,retrieveEvidenceAndLog,3005,0,50.1,2.33,0.21,1.21,48.2,Raft_b100_tps50_summary_metrics.csv,Raft_b100_tps50,1210.0
Raft_b100_tps50,2,RETRIEVE,Raft,100,50,retrieveEvidenceAndLog,retrieveEvidenceAndLog,3005,0,50.1,2.24,0.21,1.2,48.3,Raft_b100_tps50_summary_metrics.csv,Raft_b100_tps50,1200.0
Raft_b100_tps50,3,RETRIEVE,Raft,100,50,retrieveEvidenceAndLog,retrieveEvidenceAndLog,3005,0,50.1,2.32,0.22,1.2,48.2,Raft_b100_tps50_summary_metrics.csv,Raft_b100_tps50,1200.0
Raft_b100_tps50,4,RETRIEVE,Raft,100,50,retrieveEvidenceAndLog,retrieveEvidenceAndLog,3005,0,50.1,2.28,0.26,1.3,48.3,Raft_b100_tps50_summary_metrics.csv,Raft_b100_tps50,1300.0
Raft_b100_tps50,5,RETRIEVE,Raft,100,50,retrieveEvidenceAndLog,retrieveEvidenceAndLog,3005,0,50.1,2.37,0.31,1.37,48.3,Raft_b100_tps50_summary_metrics.csv,Raft_b100_tps50,1370.0
Raft_b100_tps100,1,SUBMIT,Raft,100,100,submitEvidence,submitEvidence,6006,0,100.0,2.15,0.27,0.78,96.6,Raft_b100_tps100_summary_metrics.csv,Raft_b100_tps100,780.0
Raft_b100_tps100,2,SUBMIT,Raft,100,100,submitEvidence,submitEvidence,6005,0,100.1,2.13,0.26,0.79,96.7,Raft_b100_tps100_summary_metrics.csv,Raft_b100_tps100,790.0
Raft_b100_tps100,3,SUBMIT,Raft,100,100,submitEvidence,submitEvidence,6005,0,100.1,2.15,0.28,0.8,96.6,Raft_b100_tps100_summary_metrics.csv,Raft_b100_tps100,800.0
Raft_b100_tps100,4,SUBMIT,Raft,100,100,submitEvidence,submitEvidence,6005,0,100.1,2.21,0.39,0.98,96.5,Raft_b100_tps100_summary_metrics.csv,Raft_b100_tps100,980.0
Raft_b100_tps100,5,SUBMIT,Raft,100,100,submitEvidence,submitEvidence,6005,0,100.1,2.15,0.27,0.8,96.6,Raft_b100_tps100_summary_metrics.csv,Raft_b100_tps100,800.0
Raft_b100_tps100,1,RETRIEVE,Raft,100,100,retrieveEvidenceAndLog,retrieveEvidenceAndLog,6005,0,100.1,2.15,0.23,0.73,96.6,Raft_b100_tps100_summary_metrics.csv,Raft_b100_tps100,730.0
Raft_b100_tps100,2,RETRIEVE,Raft,100,100,retrieveEvidenceAndLog,retrieveEvidenceAndLog,6005,0,100.1,2.12,0.22,0.73,96.7,Raft_b100_tps100_summary_metrics.csv,Raft_b100_tps100,730.0
Raft_b100_tps100,3,RETRIEVE,Raft,100,100,retrieveEvidenceAndLog,retrieveEvidenceAndLog,6005,0,100.1,2.14,0.22,0.72,96.6,Raft_b100_tps100_summary_metrics.csv,Raft_b100_tps100,720.0
Raft_b100_tps100,4,RETRIEVE,Raft,100,100,retrieveEvidenceAndLog,retrieveEvidenceAndLog,6005,0,100.1,2.11,0.34,0.9,96.7,Raft_b100_tps100_summary_metrics.csv,Raft_b100_tps100,900.0
Raft_b100_tps100,5,RETRIEVE,Raft,100,100,retrieveEvidenceAndLog,retrieveEvidenceAndLog,6005,0,100.1,2.13,0.22,0.73,96.7,Raft_b100_tps100_summary_metrics.csv,Raft_b100_tps100,730.0
Raft_b100_tps150,1,SUBMIT,Raft,100,150,submitEvidence,submitEvidence,9005,0,150.1,2.16,0.32,0.81,144.9,Raft_b100_tps150_summary_metrics.csv,Raft_b100_tps150,810.0
Raft_b100_tps150,2,SUBMIT,Raft,100,150,submitEvidence,submitEvidence,9005,0,150.1,2.55,0.28,0.72,144.5,Raft_b100_tps150_summary_metrics.csv,Raft_b100_tps150,720.0
Raft_b100_tps150,3,SUBMIT,Raft,100,150,submitEvidence,submitEvidence,9005,0,150.1,2.66,0.4,0.94,143.7,Raft_b100_tps150_summary_metrics.csv,Raft_b100_tps150,940.0
Raft_b100_tps150,4,SUBMIT,Raft,100,150,submitEvidence,submitEvidence,9004,0,149.9,2.22,0.36,0.83,144.7,Raft_b100_tps150_summary_metrics.csv,Raft_b100_tps150,830.0
Raft_b100_tps150,5,SUBMIT,Raft,100,150,submitEvidence,submitEvidence,9005,0,150.1,2.5,0.34,0.81,144.6,Raft_b100_tps150_summary_metrics.csv,Raft_b100_tps150,810.0
Raft_b100_tps150,1,RETRIEVE,Raft,100,150,retrieveEvidenceAndLog,retrieveEvidenceAndLog,9005,0,150.1,2.16,0.24,0.6,144.9,Raft_b100_tps150_summary_metrics.csv,Raft_b100_tps150,600.0
Raft_b100_tps150,2,RETRIEVE,Raft,100,150,retrieveEvidenceAndLog,retrieveEvidenceAndLog,9005,0,150.1,2.16,0.26,0.66,144.9,Raft_b100_tps150_summary_metrics.csv,Raft_b100_tps150,660.0
Raft_b100_tps150,3,RETRIEVE,Raft,100,150,retrieveEvidenceAndLog,retrieveEvidenceAndLog,9005,0,150.1,2.17,0.29,0.79,144.8,Raft_b100_tps150_summary_metrics.csv,Raft_b100_tps150,790.0
Raft_b100_tps150,4,RETRIEVE,Raft,100,150,retrieveEvidenceAndLog,retrieveEvidenceAndLog,9005,0,150.1,2.16,0.26,0.66,144.9,Raft_b100_tps150_summary_metrics.csv,Raft_b100_tps150,660.0
Raft_b100_tps150,5,RETRIEVE,Raft,100,150,retrieveEvidenceAndLog,retrieveEvidenceAndLog,9005,0,150.1,2.16,0.26,0.66,144.9,Raft_b100_tps150_summary_metrics.csv,Raft_b100_tps150,660.0
Raft_b100_tps200,1,SUBMIT,Raft,100,200,submitEvidence,submitEvidence,12005,0,200.1,6.38,0.29,2.25,191.5,Raft_b100_tps200_summary_metrics.csv,Raft_b100_tps200,2250.0
Raft_b100_tps200,2,SUBMIT,Raft,100,200,submitEvidence,submitEvidence,12005,0,200.0,16.82,0.3,7.11,181.6,Raft_b100_tps200_summary_metrics.csv,Raft_b100_tps200,7110.0
Raft_b100_tps200,3,SUBMIT,Raft,100,200,submitEvidence,submitEvidence,12005,0,200.1,14.14,0.33,4.63,183.6,Raft_b100_tps200_summary_metrics.csv,Raft_b100_tps200,4630.0
Raft_b100_tps200,4,SUBMIT,Raft,100,200,submitEvidence,submitEvidence,11974,0,199.4,20.18,0.41,9.1,174.9,Raft_b100_tps200_summary_metrics.csv,Raft_b100_tps200,9100.0
Raft_b100_tps200,5,SUBMIT,Raft,100,200,submitEvidence,submitEvidence,11994,0,199.8,19.43,0.41,8.43,175.5,Raft_b100_tps200_summary_metrics.csv,Raft_b100_tps200,8430.0
Raft_b100_tps200,1,RETRIEVE,Raft,100,200,retrieveEvidenceAndLog,retrieveEvidenceAndLog,12005,0,200.1,8.42,0.26,2.73,191.8,Raft_b100_tps200_summary_metrics.csv,Raft_b100_tps200,2730.0
Raft_b100_tps200,2,RETRIEVE,Raft,100,200,retrieveEvidenceAndLog,retrieveEvidenceAndLog,11990,0,199.7,13.57,0.25,5.57,187.7,Raft_b100_tps200_summary_metrics.csv,Raft_b100_tps200,5570.0
Raft_b100_tps200,3,RETRIEVE,Raft,100,200,retrieveEvidenceAndLog,retrieveEvidenceAndLog,12005,0,200.1,14.45,0.23,5.01,186.6,Raft_b100_tps200_summary_metrics.csv,Raft_b100_tps200,5010.0
Raft_b100_tps200,4,RETRIEVE,Raft,100,200,retrieveEvidenceAndLog,retrieveEvidenceAndLog,11976,0,199.6,19.04,0.29,7.97,177.4,Raft_b100_tps200_summary_metrics.csv,Raft_b100_tps200,7970.0
Raft_b100_tps200,5,RETRIEVE,Raft,100,200,retrieveEvidenceAndLog,retrieveEvidenceAndLog,12005,0,200.1,19.3,0.36,8.35,180.7,Raft_b100_tps200_summary_metrics.csv,Raft_b100_tps200,8350.0
Raft_b300_tps50,1,SUBMIT,Raft,300,50,submitEvidence,submitEvidence,3005,0,50.1,2.35,0.27,1.33,49.5,Raft_b300_tps50_summary_metrics.csv,Raft_b300_tps50,1330.0
Raft_b300_tps50,2,SUBMIT,Raft,300,50,submitEvidence,submitEvidence,3005,0,50.1,2.39,0.29,1.34,49.4,Raft_b300_tps50_summary_metrics.csv,Raft_b300_tps50,1340.0
Raft_b300_tps50,3,SUBMIT,Raft,300,50,submitEvidence,submitEvidence,3005,0,50.1,2.35,0.28,1.33,49.3,Raft_b300_tps50_summary_metrics.csv,Raft_b300_tps50,1330.0
Raft_b300_tps50,4,SUBMIT,Raft,300,50,submitEvidence,submitEvidence,3005,0,50.1,2.59,0.45,1.51,48.8,Raft_b300_tps50_summary_metrics.csv,Raft_b300_tps50,1510.0
Raft_b300_tps50,5,SUBMIT,Raft,300,50,submitEvidence,submitEvidence,3005,0,50.1,2.33,0.25,1.3,49.6,Raft_b300_tps50_summary_metrics.csv,Raft_b300_tps50,1300.0
Raft_b300_tps50,1,RETRIEVE,Raft,300,50,retrieveEvidenceAndLog,retrieveEvidenceAndLog,3005,0,50.1,2.44,0.22,1.29,49.3,Raft_b300_tps50_summary_metrics.csv,Raft_b300_tps50,1290.0
Raft_b300_tps50,2,RETRIEVE,Raft,300,50,retrieveEvidenceAndLog,retrieveEvidenceAndLog,3005,0,50.1,2.43,0.23,1.28,49.4,Raft_b300_tps50_summary_metrics.csv,Raft_b300_tps50,1280.0
Raft_b300_tps50,3,RETRIEVE,Raft,300,50,retrieveEvidenceAndLog,retrieveEvidenceAndLog,3005,0,50.1,2.44,0.21,1.29,49.0,Raft_b300_tps50_summary_metrics.csv,Raft_b300_tps50,1290.0
Raft_b300_tps50,4,RETRIEVE,Raft,300,50,retrieveEvidenceAndLog,retrieveEvidenceAndLog,3005,0,50.1,2.4,0.21,1.28,48.7,Raft_b300_tps50_summary_metrics.csv,Raft_b300_tps50,1280.0
Raft_b300_tps50,5,RETRIEVE,Raft,300,50,retrieveEvidenceAndLog,retrieveEvidenceAndLog,3005,0,50.1,2.48,0.21,1.28,48.9,Raft_b300_tps50_summary_metrics.csv,Raft_b300_tps50,1280.0
Raft_b300_tps100,1,SUBMIT,Raft,300,100,submitEvidence,submitEvidence,6005,0,100.1,2.95,0.48,1.76,98.2,Raft_b300_tps100_summary_metrics.csv,Raft_b300_tps100,1760.0
Raft_b300_tps100,2,SUBMIT,Raft,300,100,submitEvidence,submitEvidence,6005,0,100.1,2.54,0.44,1.49,98.1,Raft_b300_tps100_summary_metrics.csv,Raft_b300_tps100,1490.0
Raft_b300_tps100,3,SUBMIT,Raft,300,100,submitEvidence,submitEvidence,6005,0,100.1,2.6,0.47,1.51,98.1,Raft_b300_tps100_summary_metrics.csv,Raft_b300_tps100,1510.0
Raft_b300_tps100,4,SUBMIT,Raft,300,100,submitEvidence,submitEvidence,6005,0,100.1,2.98,0.55,1.81,98.1,Raft_b300_tps100_summary_metrics.csv,Raft_b300_tps100,1810.0
Raft_b300_tps100,5,SUBMIT,Raft,300,100,submitEvidence,submitEvidence,6006,0,100.0,2.55,0.46,1.5,98.3,Raft_b300_tps100_summary_metrics.csv,Raft_b300_tps100,1500.0
Raft_b300_tps100,1,RETRIEVE,Raft,300,100,retrieveEvidenceAndLog,retrieveEvidenceAndLog,6005,0,100.1,2.44,0.36,1.41,98.0,Raft_b300_tps100_summary_metrics.csv,Raft_b300_tps100,1410.0
Raft_b300_tps100,2,RETRIEVE,Raft,300,100,retrieveEvidenceAndLog,retrieveEvidenceAndLog,6005,0,100.1,2.54,0.36,1.42,97.9,Raft_b300_tps100_summary_metrics.csv,Raft_b300_tps100,1420.0
Raft_b300_tps100,3,RETRIEVE,Raft,300,100,retrieveEvidenceAndLog,retrieveEvidenceAndLog,6005,0,100.1,2.48,0.35,1.41,97.6,Raft_b300_tps100_summary_metrics.csv,Raft_b300_tps100,1410.0
Raft_b300_tps100,4,RETRIEVE,Raft,300,100,retrieveEvidenceAndLog,retrieveEvidenceAndLog,6005,0,100.1,2.6,0.44,1.53,98.0,Raft_b300_tps100_summary_metrics.csv,Raft_b300_tps100,1530.0
Raft_b300_tps100,5,RETRIEVE,Raft,300,100,retrieveEvidenceAndLog,retrieveEvidenceAndLog,6005,0,100.1,2.5,0.36,1.42,98.1,Raft_b300_tps100_summary_metrics.csv,Raft_b300_tps100,1420.0
Raft_b300_tps150,1,SUBMIT,Raft,300,150,submitEvidence,submitEvidence,9006,0,150.0,3.13,0.66,1.77,145.0,Raft_b300_tps150_summary_metrics.csv,Raft_b300_tps150,1770.0
Raft_b300_tps150,2,SUBMIT,Raft,300,150,submitEvidence,submitEvidence,9007,0,150.0,3.17,0.94,2.03,144.9,Raft_b300_tps150_summary_metrics.csv,Raft_b300_tps150,2029.9999999999998
Raft_b300_tps150,3,SUBMIT,Raft,300,150,submitEvidence,submitEvidence,9005,0,150.0,3.85,0.82,2.34,146.7,Raft_b300_tps150_summary_metrics.csv,Raft_b300_tps150,2340.0
Raft_b300_tps150,4,SUBMIT,Raft,300,150,submitEvidence,submitEvidence,9005,0,150.1,3.38,0.95,2.05,144.8,Raft_b300_tps150_summary_metrics.csv,Raft_b300_tps150,2050.0
Raft_b300_tps150,5,SUBMIT,Raft,300,150,submitEvidence,submitEvidence,9005,0,150.1,3.23,0.92,2.06,144.9,Raft_b300_tps150_summary_metrics.csv,Raft_b300_tps150,2060.0
Raft_b300_tps150,1,RETRIEVE,Raft,300,150,retrieveEvidenceAndLog,retrieveEvidenceAndLog,9005,0,150.1,2.68,0.54,1.6,144.9,Raft_b300_tps150_summary_metrics.csv,Raft_b300_tps150,1600.0
Raft_b300_tps150,2,RETRIEVE,Raft,300,150,retrieveEvidenceAndLog,retrieveEvidenceAndLog,9005,0,150.1,2.88,0.69,1.78,144.8,Raft_b300_tps150_summary_metrics.csv,Raft_b300_tps150,1780.0
Raft_b300_tps150,3,RETRIEVE,Raft,300,150,retrieveEvidenceAndLog,retrieveEvidenceAndLog,9005,0,150.1,3.26,0.69,1.88,144.9,Raft_b300_tps150_summary_metrics.csv,Raft_b300_tps150,1880.0
Raft_b300_tps150,4,RETRIEVE,Raft,300,150,retrieveEvidenceAndLog,retrieveEvidenceAndLog,9005,0,150.1,2.99,0.7,1.79,144.9,Raft_b300_tps150_summary_metrics.csv,Raft_b300_tps150,1790.0
Raft_b300_tps150,5,RETRIEVE,Raft,300,150,retrieveEvidenceAndLog,retrieveEvidenceAndLog,9005,0,150.1,2.95,0.65,1.78,144.9,Raft_b300_tps150_summary_metrics.csv,Raft_b300_tps150,1780.0
Raft_b300_tps200,1,SUBMIT,Raft,300,200,submitEvidence,submitEvidence,12004,0,200.0,3.71,0.71,1.85,192.7,Raft_b300_tps200_summary_metrics.csv,Raft_b300_tps200,1850.0
Raft_b300_tps200,2,SUBMIT,Raft,300,200,submitEvidence,submitEvidence,11981,0,199.5,3.75,0.71,2.1,191.1,Raft_b300_tps200_summary_metrics.csv,Raft_b300_tps200,2100.0
Raft_b300_tps200,3,SUBMIT,Raft,300,200,submitEvidence,submitEvidence,11972,0,199.3,4.61,0.76,2.36,192.1,Raft_b300_tps200_summary_metrics.csv,Raft_b300_tps200,2360.0
Raft_b300_tps200,4,SUBMIT,Raft,300,200,submitEvidence,submitEvidence,11968,0,199.4,5.52,0.75,2.58,192.1,Raft_b300_tps200_summary_metrics.csv,Raft_b300_tps200,2580.0
Raft_b300_tps200,5,SUBMIT,Raft,300,200,submitEvidence,submitEvidence,11996,0,199.9,7.22,1.0,3.59,189.9,Raft_b300_tps200_summary_metrics.csv,Raft_b300_tps200,3590.0
Raft_b300_tps200,1,RETRIEVE,Raft,300,200,retrieveEvidenceAndLog,retrieveEvidenceAndLog,12005,0,200.1,2.28,0.51,1.39,193.3,Raft_b300_tps200_summary_metrics.csv,Raft_b300_tps200,1390.0
Raft_b300_tps200,2,RETRIEVE,Raft,300,200,retrieveEvidenceAndLog,retrieveEvidenceAndLog,12003,0,200.0,2.51,0.52,1.43,193.2,Raft_b300_tps200_summary_metrics.csv,Raft_b300_tps200,1430.0
Raft_b300_tps200,3,RETRIEVE,Raft,300,200,retrieveEvidenceAndLog,retrieveEvidenceAndLog,12004,0,200.0,3.23,0.54,1.57,192.3,Raft_b300_tps200_summary_metrics.csv,Raft_b300_tps200,1570.0
Raft_b300_tps200,4,RETRIEVE,Raft,300,200,retrieveEvidenceAndLog,retrieveEvidenceAndLog,11988,0,199.7,3.92,0.72,1.92,193.0,Raft_b300_tps200_summary_metrics.csv,Raft_b300_tps200,1920.0
Raft_b300_tps200,5,RETRIEVE,Raft,300,200,retrieveEvidenceAndLog,retrieveEvidenceAndLog,12001,0,199.9,6.37,0.97,2.84,190.7,Raft_b300_tps200_summary_metrics.csv,Raft_b300_tps200,2840.0
SmartBFT_b10_tps50,1,SUBMIT,SmartBFT,10,50,submitEvidence,submitEvidence,3005,0,50.1,2.15,0.13,0.24,48.4,SmartBFT_b10_tps50_summary_metrics.csv,SmartBFT_b10_tps50,240.0
SmartBFT_b10_tps50,2,SUBMIT,SmartBFT,10,50,submitEvidence,submitEvidence,3005,0,50.1,2.14,0.13,0.23,48.4,SmartBFT_b10_tps50_summary_metrics.csv,SmartBFT_b10_tps50,230.0
SmartBFT_b10_tps50,3,SUBMIT,SmartBFT,10,50,submitEvidence,submitEvidence,3006,0,50.0,2.15,0.13,0.25,48.4,SmartBFT_b10_tps50_summary_metrics.csv,SmartBFT_b10_tps50,250.0
SmartBFT_b10_tps50,4,SUBMIT,SmartBFT,10,50,submitEvidence,submitEvidence,3006,0,50.0,2.2,0.16,0.31,48.3,SmartBFT_b10_tps50_summary_metrics.csv,SmartBFT_b10_tps50,310.0
SmartBFT_b10_tps50,5,SUBMIT,SmartBFT,10,50,submitEvidence,submitEvidence,3005,0,50.1,2.27,0.15,0.32,48.3,SmartBFT_b10_tps50_summary_metrics.csv,SmartBFT_b10_tps50,320.0
SmartBFT_b10_tps50,1,RETRIEVE,SmartBFT,10,50,retrieveEvidenceAndLog,retrieveEvidenceAndLog,3005,0,50.1,2.11,0.12,0.22,48.4,SmartBFT_b10_tps50_summary_metrics.csv,SmartBFT_b10_tps50,220.0
SmartBFT_b10_tps50,2,RETRIEVE,SmartBFT,10,50,retrieveEvidenceAndLog,retrieveEvidenceAndLog,3005,0,50.1,2.15,0.12,0.22,48.4,SmartBFT_b10_tps50_summary_metrics.csv,SmartBFT_b10_tps50,220.0
SmartBFT_b10_tps50,3,RETRIEVE,SmartBFT,10,50,retrieveEvidenceAndLog,retrieveEvidenceAndLog,3005,0,50.1,2.1,0.12,0.21,48.4,SmartBFT_b10_tps50_summary_metrics.csv,SmartBFT_b10_tps50,210.0
SmartBFT_b10_tps50,4,RETRIEVE,SmartBFT,10,50,retrieveEvidenceAndLog,retrieveEvidenceAndLog,3005,0,50.1,2.21,0.14,0.34,48.3,SmartBFT_b10_tps50_summary_metrics.csv,SmartBFT_b10_tps50,340.0
SmartBFT_b10_tps50,5,RETRIEVE,SmartBFT,10,50,retrieveEvidenceAndLog,retrieveEvidenceAndLog,3005,0,50.1,2.4,0.14,0.28,48.2,SmartBFT_b10_tps50_summary_metrics.csv,SmartBFT_b10_tps50,280.0
SmartBFT_b10_tps100,1,SUBMIT,SmartBFT,10,100,submitEvidence,submitEvidence,6005,0,100.1,36.58,0.19,24.69,62.6,SmartBFT_b10_tps100_summary_metrics.csv,SmartBFT_b10_tps100,24690.0
SmartBFT_b10_tps100,2,SUBMIT,SmartBFT,10,100,submitEvidence,submitEvidence,6005,0,100.1,17.78,0.29,11.71,78.4,SmartBFT_b10_tps100_summary_metrics.csv,SmartBFT_b10_tps100,11710.0
SmartBFT_b10_tps100,3,SUBMIT,SmartBFT,10,100,submitEvidence,submitEvidence,6005,0,100.1,30.05,0.2,19.12,66.9,SmartBFT_b10_tps100_summary_metrics.csv,SmartBFT_b10_tps100,19120.0
SmartBFT_b10_tps100,4,SUBMIT,SmartBFT,10,100,submitEvidence,submitEvidence,6005,0,100.1,28.0,0.18,17.96,68.6,SmartBFT_b10_tps100_summary_metrics.csv,SmartBFT_b10_tps100,17960.0
SmartBFT_b10_tps100,5,SUBMIT,SmartBFT,10,100,submitEvidence,submitEvidence,6005,0,100.1,29.26,0.27,19.17,67.4,SmartBFT_b10_tps100_summary_metrics.csv,SmartBFT_b10_tps100,19170.0
SmartBFT_b10_tps100,1,RETRIEVE,SmartBFT,10,100,retrieveEvidenceAndLog,retrieveEvidenceAndLog,6005,0,100.1,27.35,0.18,17.83,69.1,SmartBFT_b10_tps100_summary_metrics.csv,SmartBFT_b10_tps100,17830.0
SmartBFT_b10_tps100,2,RETRIEVE,SmartBFT,10,100,retrieveEvidenceAndLog,retrieveEvidenceAndLog,6005,0,100.1,17.38,0.14,10.14,78.4,SmartBFT_b10_tps100_summary_metrics.csv,SmartBFT_b10_tps100,10140.0
SmartBFT_b10_tps100,3,RETRIEVE,SmartBFT,10,100,retrieveEvidenceAndLog,retrieveEvidenceAndLog,6005,0,100.1,29.67,0.25,20.28,67.4,SmartBFT_b10_tps100_summary_metrics.csv,SmartBFT_b10_tps100,20280.0
SmartBFT_b10_tps100,4,RETRIEVE,SmartBFT,10,100,retrieveEvidenceAndLog,retrieveEvidenceAndLog,6005,0,100.1,17.96,0.14,10.79,79.1,SmartBFT_b10_tps100_summary_metrics.csv,SmartBFT_b10_tps100,10790.0
SmartBFT_b10_tps100,5,RETRIEVE,SmartBFT,10,100,retrieveEvidenceAndLog,retrieveEvidenceAndLog,6005,0,100.1,30.06,0.17,19.38,66.7,SmartBFT_b10_tps100_summary_metrics.csv,SmartBFT_b10_tps100,19380.0
SmartBFT_b10_tps150,1,SUBMIT,SmartBFT,10,150,submitEvidence,submitEvidence,4276,4729,150.1,60.35,0.23,39.76,74.8,SmartBFT_b10_tps150_summary_metrics.csv,SmartBFT_b10_tps150,39760.0
SmartBFT_b10_tps150,2,SUBMIT,SmartBFT,10,150,submitEvidence,submitEvidence,4976,4027,150.0,60.48,0.22,39.94,74.8,SmartBFT_b10_tps150_summary_metrics.csv,SmartBFT_b10_tps150,39940.0
SmartBFT_b10_tps150,3,SUBMIT,SmartBFT,10,150,submitEvidence,submitEvidence,5171,3834,150.1,60.4,0.21,40.79,74.8,SmartBFT_b10_tps150_summary_metrics.csv,SmartBFT_b10_tps150,40790.0
SmartBFT_b10_tps150,4,SUBMIT,SmartBFT,10,150,submitEvidence,submitEvidence,7012,1993,150.1,60.42,0.23,40.67,74.9,SmartBFT_b10_tps150_summary_metrics.csv,SmartBFT_b10_tps150,40670.0
SmartBFT_b10_tps150,5,SUBMIT,SmartBFT,10,150,submitEvidence,submitEvidence,3348,5657,150.0,60.56,0.31,39.31,74.7,SmartBFT_b10_tps150_summary_metrics.csv,SmartBFT_b10_tps150,39310.0
SmartBFT_b10_tps150,1,RETRIEVE,SmartBFT,10,150,retrieveEvidenceAndLog,retrieveEvidenceAndLog,3775,5225,149.9,61.05,0.19,41.75,74.9,SmartBFT_b10_tps150_summary_metrics.csv,SmartBFT_b10_tps150,41750.0
SmartBFT_b10_tps150,2,RETRIEVE,SmartBFT,10,150,retrieveEvidenceAndLog,retrieveEvidenceAndLog,2331,6674,150.1,60.63,0.21,34.98,74.8,SmartBFT_b10_tps150_summary_metrics.csv,SmartBFT_b10_tps150,34980.0
SmartBFT_b10_tps150,3,RETRIEVE,SmartBFT,10,150,retrieveEvidenceAndLog,retrieveEvidenceAndLog,3910,5095,150.1,60.56,0.24,41.24,74.9,SmartBFT_b10_tps150_summary_metrics.csv,SmartBFT_b10_tps150,41240.0
SmartBFT_b10_tps150,4,RETRIEVE,SmartBFT,10,150,retrieveEvidenceAndLog,retrieveEvidenceAndLog,2911,6090,150.0,60.55,0.22,37.24,74.7,SmartBFT_b10_tps150_summary_metrics.csv,SmartBFT_b10_tps150,37240.0
SmartBFT_b10_tps150,5,RETRIEVE,SmartBFT,10,150,retrieveEvidenceAndLog,retrieveEvidenceAndLog,3539,5463,150.0,61.02,0.24,40.27,74.8,SmartBFT_b10_tps150_summary_metrics.csv,SmartBFT_b10_tps150,40270.0
SmartBFT_b10_tps200,1,SUBMIT,SmartBFT,10,200,submitEvidence,submitEvidence,1610,10395,199.9,61.04,0.17,34.84,99.4,SmartBFT_b10_tps200_summary_metrics.csv,SmartBFT_b10_tps200,34840.0
SmartBFT_b10_tps200,2,SUBMIT,SmartBFT,10,200,submitEvidence,submitEvidence,820,11185,200.1,61.3,0.25,28.28,97.8,SmartBFT_b10_tps200_summary_metrics.csv,SmartBFT_b10_tps200,28280.0
SmartBFT_b10_tps200,3,SUBMIT,SmartBFT,10,200,submitEvidence,submitEvidence,1210,10793,200.0,60.81,0.2,34.44,99.1,SmartBFT_b10_tps200_summary_metrics.csv,SmartBFT_b10_tps200,34440.0
SmartBFT_b10_tps200,4,SUBMIT,SmartBFT,10,200,submitEvidence,submitEvidence,980,11025,200.1,61.23,0.23,36.44,98.4,SmartBFT_b10_tps200_summary_metrics.csv,SmartBFT_b10_tps200,36440.0
SmartBFT_b10_tps200,5,SUBMIT,SmartBFT,10,200,submitEvidence,submitEvidence,910,11095,200.1,61.03,0.24,29.04,98.0,SmartBFT_b10_tps200_summary_metrics.csv,SmartBFT_b10_tps200,29040.0
SmartBFT_b10_tps200,1,RETRIEVE,SmartBFT,10,200,retrieveEvidenceAndLog,retrieveEvidenceAndLog,926,11060,199.7,60.62,0.35,27.23,98.2,SmartBFT_b10_tps200_summary_metrics.csv,SmartBFT_b10_tps200,27230.0
SmartBFT_b10_tps200,2,RETRIEVE,SmartBFT,10,200,retrieveEvidenceAndLog,retrieveEvidenceAndLog,610,11379,199.3,60.8,0.29,16.57,96.4,SmartBFT_b10_tps200_summary_metrics.csv,SmartBFT_b10_tps200,16570.0
SmartBFT_b10_tps200,3,RETRIEVE,SmartBFT,10,200,retrieveEvidenceAndLog,retrieveEvidenceAndLog,492,11504,199.6,61.22,0.51,21.58,97.0,SmartBFT_b10_tps200_summary_metrics.csv,SmartBFT_b10_tps200,21580.0
SmartBFT_b10_tps200,4,RETRIEVE,SmartBFT,10,200,retrieveEvidenceAndLog,retrieveEvidenceAndLog,478,11442,198.7,61.09,0.38,23.92,97.6,SmartBFT_b10_tps200_summary_metrics.csv,SmartBFT_b10_tps200,23920.0
SmartBFT_b10_tps200,5,RETRIEVE,SmartBFT,10,200,retrieveEvidenceAndLog,retrieveEvidenceAndLog,250,11735,199.5,59.72,0.25,17.73,94.9,SmartBFT_b10_tps200_summary_metrics.csv,SmartBFT_b10_tps200,17730.0
SmartBFT_b100_tps50,1,SUBMIT,SmartBFT,100,50,submitEvidence,submitEvidence,3005,0,50.1,2.26,0.22,1.27,49.3,SmartBFT_b100_tps50_summary_metrics.csv,SmartBFT_b100_tps50,1270.0
SmartBFT_b100_tps50,2,SUBMIT,SmartBFT,100,50,submitEvidence,submitEvidence,3005,0,50.1,2.5,0.31,1.49,49.1,SmartBFT_b100_tps50_summary_metrics.csv,SmartBFT_b100_tps50,1490.0
SmartBFT_b100_tps50,3,SUBMIT,SmartBFT,100,50,submitEvidence,submitEvidence,3005,0,50.1,2.38,0.25,1.4,49.2,SmartBFT_b100_tps50_summary_metrics.csv,SmartBFT_b100_tps50,1400.0
SmartBFT_b100_tps50,4,SUBMIT,SmartBFT,100,50,submitEvidence,submitEvidence,3005,0,50.1,2.28,0.29,1.29,49.3,SmartBFT_b100_tps50_summary_metrics.csv,SmartBFT_b100_tps50,1290.0
SmartBFT_b100_tps50,5,SUBMIT,SmartBFT,100,50,submitEvidence,submitEvidence,3005,0,50.1,2.39,0.29,1.33,49.2,SmartBFT_b100_tps50_summary_metrics.csv,SmartBFT_b100_tps50,1330.0
SmartBFT_b100_tps50,1,RETRIEVE,SmartBFT,100,50,retrieveEvidenceAndLog,retrieveEvidenceAndLog,3005,0,50.1,2.23,0.19,1.23,49.3,SmartBFT_b100_tps50_summary_metrics.csv,SmartBFT_b100_tps50,1230.0
SmartBFT_b100_tps50,2,RETRIEVE,SmartBFT,100,50,retrieveEvidenceAndLog,retrieveEvidenceAndLog,3005,0,50.1,2.52,0.35,1.44,49.3,SmartBFT_b100_tps50_summary_metrics.csv,SmartBFT_b100_tps50,1440.0
SmartBFT_b100_tps50,3,RETRIEVE,SmartBFT,100,50,retrieveEvidenceAndLog,retrieveEvidenceAndLog,3005,0,50.1,2.34,0.3,1.33,49.3,SmartBFT_b100_tps50_summary_metrics.csv,SmartBFT_b100_tps50,1330.0
SmartBFT_b100_tps50,4,RETRIEVE,SmartBFT,100,50,retrieveEvidenceAndLog,retrieveEvidenceAndLog,3005,0,50.1,2.23,0.25,1.23,49.3,SmartBFT_b100_tps50_summary_metrics.csv,SmartBFT_b100_tps50,1230.0
SmartBFT_b100_tps50,5,RETRIEVE,SmartBFT,100,50,retrieveEvidenceAndLog,retrieveEvidenceAndLog,3005,0,50.1,2.32,0.27,1.3,49.4,SmartBFT_b100_tps50_summary_metrics.csv,SmartBFT_b100_tps50,1300.0
SmartBFT_b100_tps100,1,SUBMIT,SmartBFT,100,100,submitEvidence,submitEvidence,6005,0,100.1,2.33,0.37,0.95,96.7,SmartBFT_b100_tps100_summary_metrics.csv,SmartBFT_b100_tps100,950.0
SmartBFT_b100_tps100,2,SUBMIT,SmartBFT,100,100,submitEvidence,submitEvidence,6005,0,100.1,2.46,0.41,1.09,96.7,SmartBFT_b100_tps100_summary_metrics.csv,SmartBFT_b100_tps100,1090.0
SmartBFT_b100_tps100,3,SUBMIT,SmartBFT,100,100,submitEvidence,submitEvidence,6005,0,100.1,2.26,0.37,0.96,97.1,SmartBFT_b100_tps100_summary_metrics.csv,SmartBFT_b100_tps100,960.0
SmartBFT_b100_tps100,4,SUBMIT,SmartBFT,100,100,submitEvidence,submitEvidence,6005,0,100.0,2.25,0.37,1.05,97.1,SmartBFT_b100_tps100_summary_metrics.csv,SmartBFT_b100_tps100,1050.0
SmartBFT_b100_tps100,5,SUBMIT,SmartBFT,100,100,submitEvidence,submitEvidence,6005,0,100.1,2.45,0.46,1.06,96.6,SmartBFT_b100_tps100_summary_metrics.csv,SmartBFT_b100_tps100,1060.0
SmartBFT_b100_tps100,1,RETRIEVE,SmartBFT,100,100,retrieveEvidenceAndLog,retrieveEvidenceAndLog,6005,0,100.1,2.32,0.32,0.89,97.0,SmartBFT_b100_tps100_summary_metrics.csv,SmartBFT_b100_tps100,890.0
SmartBFT_b100_tps100,2,RETRIEVE,SmartBFT,100,100,retrieveEvidenceAndLog,retrieveEvidenceAndLog,6005,0,100.1,2.33,0.35,0.96,96.9,SmartBFT_b100_tps100_summary_metrics.csv,SmartBFT_b100_tps100,960.0
SmartBFT_b100_tps100,3,RETRIEVE,SmartBFT,100,100,retrieveEvidenceAndLog,retrieveEvidenceAndLog,6005,0,100.1,2.28,0.27,0.81,97.0,SmartBFT_b100_tps100_summary_metrics.csv,SmartBFT_b100_tps100,810.0
SmartBFT_b100_tps100,4,RETRIEVE,SmartBFT,100,100,retrieveEvidenceAndLog,retrieveEvidenceAndLog,6005,0,100.1,2.23,0.28,0.8,97.0,SmartBFT_b100_tps100_summary_metrics.csv,SmartBFT_b100_tps100,800.0
SmartBFT_b100_tps100,5,RETRIEVE,SmartBFT,100,100,retrieveEvidenceAndLog,retrieveEvidenceAndLog,6005,0,100.1,2.4,0.32,0.96,97.0,SmartBFT_b100_tps100_summary_metrics.csv,SmartBFT_b100_tps100,960.0
SmartBFT_b100_tps150,1,SUBMIT,SmartBFT,100,150,submitEvidence,submitEvidence,9006,0,150.0,2.45,0.51,1.2,144.3,SmartBFT_b100_tps150_summary_metrics.csv,SmartBFT_b100_tps150,1200.0
SmartBFT_b100_tps150,2,SUBMIT,SmartBFT,100,150,submitEvidence,submitEvidence,9005,0,150.1,2.69,0.34,1.11,144.1,SmartBFT_b100_tps150_summary_metrics.csv,SmartBFT_b100_tps150,1110.0
SmartBFT_b100_tps150,3,SUBMIT,SmartBFT,100,150,submitEvidence,submitEvidence,9005,0,150.1,3.4,0.46,1.38,143.3,SmartBFT_b100_tps150_summary_metrics.csv,SmartBFT_b100_tps150,1380.0
SmartBFT_b100_tps150,4,SUBMIT,SmartBFT,100,150,submitEvidence,submitEvidence,8996,0,149.8,3.11,0.38,1.16,144.3,SmartBFT_b100_tps150_summary_metrics.csv,SmartBFT_b100_tps150,1160.0
SmartBFT_b100_tps150,5,SUBMIT,SmartBFT,100,150,submitEvidence,submitEvidence,9005,0,150.1,2.94,0.55,1.49,144.3,SmartBFT_b100_tps150_summary_metrics.csv,SmartBFT_b100_tps150,1490.0
SmartBFT_b100_tps150,1,RETRIEVE,SmartBFT,100,150,retrieveEvidenceAndLog,retrieveEvidenceAndLog,9005,0,150.1,3.28,0.33,1.13,143.6,SmartBFT_b100_tps150_summary_metrics.csv,SmartBFT_b100_tps150,1130.0
SmartBFT_b100_tps150,2,RETRIEVE,SmartBFT,100,150,retrieveEvidenceAndLog,retrieveEvidenceAndLog,9005,0,150.1,2.26,0.28,0.73,144.7,SmartBFT_b100_tps150_summary_metrics.csv,SmartBFT_b100_tps150,730.0
SmartBFT_b100_tps150,3,RETRIEVE,SmartBFT,100,150,retrieveEvidenceAndLog,retrieveEvidenceAndLog,9005,0,150.1,2.42,0.36,1.05,144.3,SmartBFT_b100_tps150_summary_metrics.csv,SmartBFT_b100_tps150,1050.0
SmartBFT_b100_tps150,4,RETRIEVE,SmartBFT,100,150,retrieveEvidenceAndLog,retrieveEvidenceAndLog,9005,0,150.1,2.56,0.28,0.76,144.3,SmartBFT_b100_tps150_summary_metrics.csv,SmartBFT_b100_tps150,760.0
SmartBFT_b100_tps150,5,RETRIEVE,SmartBFT,100,150,retrieveEvidenceAndLog,retrieveEvidenceAndLog,9005,0,150.1,3.26,0.37,1.11,143.5,SmartBFT_b100_tps150_summary_metrics.csv,SmartBFT_b100_tps150,1110.0
SmartBFT_b100_tps200,1,SUBMIT,SmartBFT,100,200,submitEvidence,submitEvidence,11950,0,198.9,39.77,0.47,23.62,155.6,SmartBFT_b100_tps200_summary_metrics.csv,SmartBFT_b100_tps200,23620.0
SmartBFT_b100_tps200,2,SUBMIT,SmartBFT,100,200,submitEvidence,submitEvidence,12006,0,200.0,45.69,0.52,28.82,147.8,SmartBFT_b100_tps200_summary_metrics.csv,SmartBFT_b100_tps200,28820.0
SmartBFT_b100_tps200,3,SUBMIT,SmartBFT,100,200,submitEvidence,submitEvidence,11916,0,197.8,48.07,0.48,30.16,145.3,SmartBFT_b100_tps200_summary_metrics.csv,SmartBFT_b100_tps200,30160.0
SmartBFT_b100_tps200,4,SUBMIT,SmartBFT,100,200,submitEvidence,submitEvidence,11956,0,199.2,45.52,0.52,28.0,152.0,SmartBFT_b100_tps200_summary_metrics.csv,SmartBFT_b100_tps200,28000.0
SmartBFT_b100_tps200,5,SUBMIT,SmartBFT,100,200,submitEvidence,submitEvidence,11993,0,199.6,43.34,0.53,26.52,150.4,SmartBFT_b100_tps200_summary_metrics.csv,SmartBFT_b100_tps200,26520.0
SmartBFT_b100_tps200,1,RETRIEVE,SmartBFT,100,200,retrieveEvidenceAndLog,retrieveEvidenceAndLog,11992,0,199.8,48.79,0.39,29.36,148.1,SmartBFT_b100_tps200_summary_metrics.csv,SmartBFT_b100_tps200,29360.0
SmartBFT_b100_tps200,2,RETRIEVE,SmartBFT,100,200,retrieveEvidenceAndLog,retrieveEvidenceAndLog,11998,0,199.8,48.1,0.42,28.9,146.0,SmartBFT_b100_tps200_summary_metrics.csv,SmartBFT_b100_tps200,28900.0
SmartBFT_b100_tps200,3,RETRIEVE,SmartBFT,100,200,retrieveEvidenceAndLog,retrieveEvidenceAndLog,11894,0,197.8,48.94,0.39,29.43,145.7,SmartBFT_b100_tps200_summary_metrics.csv,SmartBFT_b100_tps200,29430.0
SmartBFT_b100_tps200,4,RETRIEVE,SmartBFT,100,200,retrieveEvidenceAndLog,retrieveEvidenceAndLog,11991,0,199.8,47.56,0.36,27.72,152.6,SmartBFT_b100_tps200_summary_metrics.csv,SmartBFT_b100_tps200,27720.0
SmartBFT_b100_tps200,5,RETRIEVE,SmartBFT,100,200,retrieveEvidenceAndLog,retrieveEvidenceAndLog,11934,0,198.6,44.93,0.44,25.2,154.1,SmartBFT_b100_tps200_summary_metrics.csv,SmartBFT_b100_tps200,25200.0
SmartBFT_b300_tps50,1,SUBMIT,SmartBFT,300,50,submitEvidence,submitEvidence,3005,0,50.1,2.45,0.22,1.38,49.0,SmartBFT_b300_tps50_summary_metrics.csv,SmartBFT_b300_tps50,1380.0
SmartBFT_b300_tps50,2,SUBMIT,SmartBFT,300,50,submitEvidence,submitEvidence,3005,0,50.1,2.81,0.33,1.63,49.1,SmartBFT_b300_tps50_summary_metrics.csv,SmartBFT_b300_tps50,1630.0
SmartBFT_b300_tps50,3,SUBMIT,SmartBFT,300,50,submitEvidence,submitEvidence,3005,0,50.1,2.88,0.31,1.63,48.9,SmartBFT_b300_tps50_summary_metrics.csv,SmartBFT_b300_tps50,1630.0
SmartBFT_b300_tps50,4,SUBMIT,SmartBFT,300,50,submitEvidence,submitEvidence,3005,0,50.1,2.82,0.33,1.65,49.0,SmartBFT_b300_tps50_summary_metrics.csv,SmartBFT_b300_tps50,1650.0
SmartBFT_b300_tps50,5,SUBMIT,SmartBFT,300,50,submitEvidence,submitEvidence,3005,0,50.1,2.46,0.23,1.4,49.0,SmartBFT_b300_tps50_summary_metrics.csv,SmartBFT_b300_tps50,1400.0
SmartBFT_b300_tps50,1,RETRIEVE,SmartBFT,300,50,retrieveEvidenceAndLog,retrieveEvidenceAndLog,3005,0,50.1,2.41,0.24,1.31,49.5,SmartBFT_b300_tps50_summary_metrics.csv,SmartBFT_b300_tps50,1310.0
SmartBFT_b300_tps50,2,RETRIEVE,SmartBFT,300,50,retrieveEvidenceAndLog,retrieveEvidenceAndLog,3005,0,50.1,2.38,0.19,1.33,49.2,SmartBFT_b300_tps50_summary_metrics.csv,SmartBFT_b300_tps50,1330.0
SmartBFT_b300_tps50,3,RETRIEVE,SmartBFT,300,50,retrieveEvidenceAndLog,retrieveEvidenceAndLog,3005,0,50.1,2.68,0.3,1.4,48.9,SmartBFT_b300_tps50_summary_metrics.csv,SmartBFT_b300_tps50,1400.0
SmartBFT_b300_tps50,4,RETRIEVE,SmartBFT,300,50,retrieveEvidenceAndLog,retrieveEvidenceAndLog,3005,0,50.1,2.43,0.19,1.34,49.1,SmartBFT_b300_tps50_summary_metrics.csv,SmartBFT_b300_tps50,1340.0
SmartBFT_b300_tps50,5,RETRIEVE,SmartBFT,300,50,retrieveEvidenceAndLog,retrieveEvidenceAndLog,3005,0,50.1,2.43,0.19,1.33,49.1,SmartBFT_b300_tps50_summary_metrics.csv,SmartBFT_b300_tps50,1330.0
SmartBFT_b300_tps100,1,SUBMIT,SmartBFT,300,100,submitEvidence,submitEvidence,6005,0,100.1,3.27,0.26,1.88,98.4,SmartBFT_b300_tps100_summary_metrics.csv,SmartBFT_b300_tps100,1880.0
SmartBFT_b300_tps100,2,SUBMIT,SmartBFT,300,100,submitEvidence,submitEvidence,6005,0,100.1,3.27,0.36,2.0,97.0,SmartBFT_b300_tps100_summary_metrics.csv,SmartBFT_b300_tps100,2000.0
SmartBFT_b300_tps100,3,SUBMIT,SmartBFT,300,100,submitEvidence,submitEvidence,6005,0,100.1,3.57,0.43,2.18,98.4,SmartBFT_b300_tps100_summary_metrics.csv,SmartBFT_b300_tps100,2180.0
SmartBFT_b300_tps100,4,SUBMIT,SmartBFT,300,100,submitEvidence,submitEvidence,6006,0,100.0,3.94,0.47,2.24,97.2,SmartBFT_b300_tps100_summary_metrics.csv,SmartBFT_b300_tps100,2240.0
SmartBFT_b300_tps100,5,SUBMIT,SmartBFT,300,100,submitEvidence,submitEvidence,6005,0,100.1,3.21,0.28,1.85,98.4,SmartBFT_b300_tps100_summary_metrics.csv,SmartBFT_b300_tps100,1850.0
SmartBFT_b300_tps100,1,RETRIEVE,SmartBFT,300,100,retrieveEvidenceAndLog,retrieveEvidenceAndLog,6005,0,100.1,3.01,0.24,1.77,98.9,SmartBFT_b300_tps100_summary_metrics.csv,SmartBFT_b300_tps100,1770.0
SmartBFT_b300_tps100,2,RETRIEVE,SmartBFT,300,100,retrieveEvidenceAndLog,retrieveEvidenceAndLog,6005,0,100.1,6.13,0.37,2.3,96.1,SmartBFT_b300_tps100_summary_metrics.csv,SmartBFT_b300_tps100,2300.0
SmartBFT_b300_tps100,3,RETRIEVE,SmartBFT,300,100,retrieveEvidenceAndLog,retrieveEvidenceAndLog,6005,0,100.1,2.85,0.25,1.58,98.8,SmartBFT_b300_tps100_summary_metrics.csv,SmartBFT_b300_tps100,1580.0
SmartBFT_b300_tps100,4,RETRIEVE,SmartBFT,300,100,retrieveEvidenceAndLog,retrieveEvidenceAndLog,6005,0,100.1,2.9,0.29,1.65,97.6,SmartBFT_b300_tps100_summary_metrics.csv,SmartBFT_b300_tps100,1650.0
SmartBFT_b300_tps100,5,RETRIEVE,SmartBFT,300,100,retrieveEvidenceAndLog,retrieveEvidenceAndLog,6005,0,100.1,2.88,0.23,1.63,98.1,SmartBFT_b300_tps100_summary_metrics.csv,SmartBFT_b300_tps100,1630.0
SmartBFT_b300_tps150,1,SUBMIT,SmartBFT,300,150,submitEvidence,submitEvidence,9005,0,150.0,3.26,0.33,2.04,146.4,SmartBFT_b300_tps150_summary_metrics.csv,SmartBFT_b300_tps150,2040.0
SmartBFT_b300_tps150,2,SUBMIT,SmartBFT,300,150,submitEvidence,submitEvidence,9005,0,150.1,3.62,0.36,2.27,145.8,SmartBFT_b300_tps150_summary_metrics.csv,SmartBFT_b300_tps150,2270.0
SmartBFT_b300_tps150,3,SUBMIT,SmartBFT,300,150,submitEvidence,submitEvidence,9005,0,150.1,4.74,0.48,2.65,143.4,SmartBFT_b300_tps150_summary_metrics.csv,SmartBFT_b300_tps150,2650.0
SmartBFT_b300_tps150,4,SUBMIT,SmartBFT,300,150,submitEvidence,submitEvidence,9005,0,150.1,4.06,0.49,2.55,144.8,SmartBFT_b300_tps150_summary_metrics.csv,SmartBFT_b300_tps150,2550.0
SmartBFT_b300_tps150,5,SUBMIT,SmartBFT,300,150,submitEvidence,submitEvidence,9005,0,150.1,5.27,0.48,2.53,144.9,SmartBFT_b300_tps150_summary_metrics.csv,SmartBFT_b300_tps150,2530.0
SmartBFT_b300_tps150,1,RETRIEVE,SmartBFT,300,150,retrieveEvidenceAndLog,retrieveEvidenceAndLog,9005,0,150.1,3.31,0.29,1.88,146.9,SmartBFT_b300_tps150_summary_metrics.csv,SmartBFT_b300_tps150,1880.0
SmartBFT_b300_tps150,2,RETRIEVE,SmartBFT,300,150,retrieveEvidenceAndLog,retrieveEvidenceAndLog,9005,0,150.1,3.69,0.34,2.13,146.0,SmartBFT_b300_tps150_summary_metrics.csv,SmartBFT_b300_tps150,2130.0
SmartBFT_b300_tps150,3,RETRIEVE,SmartBFT,300,150,retrieveEvidenceAndLog,retrieveEvidenceAndLog,8998,0,149.9,3.21,0.42,2.08,146.0,SmartBFT_b300_tps150_summary_metrics.csv,SmartBFT_b300_tps150,2080.0
SmartBFT_b300_tps150,4,RETRIEVE,SmartBFT,300,150,retrieveEvidenceAndLog,retrieveEvidenceAndLog,9003,0,150.0,3.2,0.34,1.99,146.6,SmartBFT_b300_tps150_summary_metrics.csv,SmartBFT_b300_tps150,1990.0
SmartBFT_b300_tps150,5,RETRIEVE,SmartBFT,300,150,retrieveEvidenceAndLog,retrieveEvidenceAndLog,8996,0,149.8,3.26,0.35,2.08,146.2,SmartBFT_b300_tps150_summary_metrics.csv,SmartBFT_b300_tps150,2080.0
SmartBFT_b300_tps200,1,SUBMIT,SmartBFT,300,200,submitEvidence,submitEvidence,11945,0,199.1,48.86,0.77,27.56,151.3,SmartBFT_b300_tps200_summary_metrics.csv,SmartBFT_b300_tps200,27560.0
SmartBFT_b300_tps200,2,SUBMIT,SmartBFT,300,200,submitEvidence,submitEvidence,12005,0,200.1,41.32,0.66,22.27,158.1,SmartBFT_b300_tps200_summary_metrics.csv,SmartBFT_b300_tps200,22270.0
SmartBFT_b300_tps200,3,SUBMIT,SmartBFT,300,200,submitEvidence,submitEvidence,11990,0,199.7,45.57,0.54,25.53,153.7,SmartBFT_b300_tps200_summary_metrics.csv,SmartBFT_b300_tps200,25530.0
SmartBFT_b300_tps200,4,SUBMIT,SmartBFT,300,200,submitEvidence,submitEvidence,12005,0,200.0,37.95,0.68,19.3,161.2,SmartBFT_b300_tps200_summary_metrics.csv,SmartBFT_b300_tps200,19300.0
SmartBFT_b300_tps200,5,SUBMIT,SmartBFT,300,200,submitEvidence,submitEvidence,12006,0,200.0,43.21,0.67,22.96,158.6,SmartBFT_b300_tps200_summary_metrics.csv,SmartBFT_b300_tps200,22960.0
SmartBFT_b300_tps200,1,RETRIEVE,SmartBFT,300,200,retrieveEvidenceAndLog,retrieveEvidenceAndLog,12000,0,199.9,34.16,0.36,15.79,169.3,SmartBFT_b300_tps200_summary_metrics.csv,SmartBFT_b300_tps200,15790.0
SmartBFT_b300_tps200,2,RETRIEVE,SmartBFT,300,200,retrieveEvidenceAndLog,retrieveEvidenceAndLog,11954,0,199.2,35.72,0.36,16.01,165.8,SmartBFT_b300_tps200_summary_metrics.csv,SmartBFT_b300_tps200,16010.000000000002
SmartBFT_b300_tps200,3,RETRIEVE,SmartBFT,300,200,retrieveEvidenceAndLog,retrieveEvidenceAndLog,11997,0,199.9,45.57,0.41,23.07,156.6,SmartBFT_b300_tps200_summary_metrics.csv,SmartBFT_b300_tps200,23070.0
SmartBFT_b300_tps200,4,RETRIEVE,SmartBFT,300,200,retrieveEvidenceAndLog,retrieveEvidenceAndLog,11986,0,199.5,49.05,0.55,24.88,154.4,SmartBFT_b300_tps200_summary_metrics.csv,SmartBFT_b300_tps200,24880.0
SmartBFT_b300_tps200,5,RETRIEVE,SmartBFT,300,200,retrieveEvidenceAndLog,retrieveEvidenceAndLog,11871,0,197.4,39.17,0.44,17.53,164.2,SmartBFT_b300_tps200_summary_metrics.csv,SmartBFT_b300_tps200,17530.0
